{
  "mode": "targeted",
  "generated_at": "20260714_0355",
  "meta": {
    "data_version": "data_20260713",
    "index_version": "idx_20260713_geminiembedding001",
    "retrieval_config_id": "hybrid_dbsf_v2",
    "prompt_version": "p7_citation_complete_safe_v1"
  },
  "n_questions": 30,
  "eval_k": 5,
  "retrieval": {
    "n_questions": 30,
    "recall_at_k": 0.7666666666666667,
    "hit_rate": 0.8666666666666667,
    "mrr": 0.6361111111111112,
    "ndcg_at_k": 0.5706069001484657
  },
  "context_precision": 0.23333333333333345,
  "context_recall": 0.7666666666666667,
  "context_relevance": 0.9833333333333333,
  "faithfulness": 0.9,
  "answer_relevance": 0.9,
  "hallucination_rate": 0.2,
  "citation_accuracy": 0.6055555555555555,
  "refusal_accuracy": 1.0,
  "n_judged": 30,
  "n_judge_errors": 0,
  "p50_latency_ms": 1363,
  "p95_latency_ms": 1650,
  "avg_cost_usd": 0.0009792,
  "error_rate": 0.03333333333333333,
  "fallback_rate": 0.0,
  "cache_hit_rate": null,
  "inter_judge_agreement": null,
  "ambiguity_handling_rate": null,
  "n_ambiguity_scored": 0
}