{
  "mode": "smoke",
  "generated_at": "20260714_0320",
  "meta": {
    "data_version": "data_20260713",
    "index_version": "idx_20260713_geminiembedding001",
    "retrieval_config_id": "hybrid_dbsf_v2",
    "prompt_version": "p7_citation_complete_safe_v1"
  },
  "n_questions": 50,
  "eval_k": 5,
  "retrieval": {
    "n_questions": 37,
    "recall_at_k": 0.9054054054054054,
    "hit_rate": 0.918918918918919,
    "mrr": 0.8243243243243243,
    "ndcg_at_k": 0.8274179856701128
  },
  "context_precision": 0.18918918918918928,
  "context_recall": 0.9054054054054054,
  "context_relevance": 0.9875,
  "faithfulness": 0.95,
  "answer_relevance": 0.9625,
  "hallucination_rate": 0.1,
  "citation_accuracy": 0.8379629629629629,
  "refusal_accuracy": 0.9,
  "n_judged": 40,
  "n_judge_errors": 0,
  "p50_latency_ms": 796,
  "p95_latency_ms": 1287,
  "avg_cost_usd": 0.0009182399999999997,
  "error_rate": 0.0,
  "fallback_rate": 0.0,
  "cache_hit_rate": null,
  "inter_judge_agreement": null,
  "ambiguity_handling_rate": 0.6666666666666666,
  "n_ambiguity_scored": 3
}