{
  "n_runs": 10,
  "runs": [
    {
      "file": "eval_smoke_20260714_0320_summary.json",
      "mode": "smoke",
      "generated_at": "20260714_0320",
      "meta": {
        "data_version": "data_20260713",
        "index_version": "idx_20260713_geminiembedding001",
        "retrieval_config_id": "hybrid_dbsf_v2",
        "prompt_version": "p7_citation_complete_safe_v1"
      },
      "n_questions": 50,
      "eval_k": 5,
      "retrieval": {
        "n_questions": 37,
        "recall_at_k": 0.9054054054054054,
        "hit_rate": 0.918918918918919,
        "mrr": 0.8243243243243243,
        "ndcg_at_k": 0.8274179856701128
      },
      "context_precision": 0.18918918918918928,
      "context_recall": 0.9054054054054054,
      "context_relevance": 0.9875,
      "faithfulness": 0.95,
      "answer_relevance": 0.9625,
      "hallucination_rate": 0.1,
      "citation_accuracy": 0.8379629629629629,
      "refusal_accuracy": 0.9,
      "n_judged": 40,
      "n_judge_errors": 0,
      "p50_latency_ms": 796,
      "p95_latency_ms": 1287,
      "avg_cost_usd": 0.0009182399999999997,
      "error_rate": 0.0,
      "fallback_rate": 0.0,
      "cache_hit_rate": null,
      "inter_judge_agreement": null,
      "ambiguity_handling_rate": 0.6666666666666666,
      "n_ambiguity_scored": 3
    },
    {
      "file": "eval_smoke_20260714_0817_summary.json",
      "mode": "smoke",
      "generated_at": "20260714_0817",
      "meta": {
        "data_version": "data_20260713",
        "index_version": "idx_20260713_geminiembedding001",
        "retrieval_config_id": "hybrid_dbsf_v2",
        "prompt_version": "p0_naive_v1"
      },
      "n_questions": 50,
      "eval_k": 5,
      "retrieval": {
        "n_questions": 37,
        "recall_at_k": 0.9054054054054054,
        "hit_rate": 0.918918918918919,
        "mrr": 0.8243243243243243,
        "ndcg_at_k": 0.8274179856701128
      },
      "context_precision": 0.18918918918918928,
      "context_recall": 0.9054054054054054,
      "context_relevance": 0.8902439024390244,
      "faithfulness": 0.8414634146341463,
      "answer_relevance": 0.975609756097561,
      "hallucination_rate": 0.2926829268292683,
      "citation_accuracy": 0.7794117647058824,
      "refusal_accuracy": 0.74,
      "n_judged": 41,
      "n_judge_errors": 3,
      "p50_latency_ms": 1415,
      "p95_latency_ms": 1852,
      "avg_cost_usd": 0.0007805,
      "error_rate": 0.08,
      "fallback_rate": 0.0,
      "cache_hit_rate": null,
      "inter_judge_agreement": null,
      "ambiguity_handling_rate": 0.6666666666666666,
      "n_ambiguity_scored": 3
    },
    {
      "file": "eval_smoke_20260714_0827_summary.json",
      "mode": "smoke",
      "generated_at": "20260714_0827",
      "meta": {
        "data_version": "data_20260713",
        "index_version": "idx_20260713_geminiembedding001",
        "retrieval_config_id": "hybrid_dbsf_v2",
        "prompt_version": "p2_citation_first_v1"
      },
      "n_questions": 50,
      "eval_k": 5,
      "retrieval": {
        "n_questions": 37,
        "recall_at_k": 0.9054054054054054,
        "hit_rate": 0.918918918918919,
        "mrr": 0.8243243243243243,
        "ndcg_at_k": 0.8274179856701128
      },
      "context_precision": 0.18918918918918928,
      "context_recall": 0.9054054054054054,
      "context_relevance": 0.8977272727272727,
      "faithfulness": 0.9090909090909091,
      "answer_relevance": 0.9431818181818182,
      "hallucination_rate": 0.09090909090909091,
      "citation_accuracy": 0.8142857142857143,
      "refusal_accuracy": 0.78,
      "n_judged": 44,
      "n_judge_errors": 0,
      "p50_latency_ms": 1307,
      "p95_latency_ms": 1792,
      "avg_cost_usd": 0.0007884800000000003,
      "error_rate": 0.04,
      "fallback_rate": 0.0,
      "cache_hit_rate": null,
      "inter_judge_agreement": null,
      "ambiguity_handling_rate": 0.6666666666666666,
      "n_ambiguity_scored": 3
    },
    {
      "file": "eval_smoke_20260714_0835_summary.json",
      "mode": "smoke",
      "generated_at": "20260714_0835",
      "meta": {
        "data_version": "data_20260713",
        "index_version": "idx_20260713_geminiembedding001",
        "retrieval_config_id": "hybrid_dbsf_v2",
        "prompt_version": "p3_refusal_aware_v1"
      },
      "n_questions": 50,
      "eval_k": 5,
      "retrieval": {
        "n_questions": 37,
        "recall_at_k": 0.9054054054054054,
        "hit_rate": 0.918918918918919,
        "mrr": 0.8243243243243243,
        "ndcg_at_k": 0.8274179856701128
      },
      "context_precision": 0.18918918918918928,
      "context_recall": 0.9054054054054054,
      "context_relevance": 0.9404761904761905,
      "faithfulness": 0.9404761904761905,
      "answer_relevance": 0.9642857142857143,
      "hallucination_rate": 0.09523809523809523,
      "citation_accuracy": 0.7962962962962963,
      "refusal_accuracy": 0.86,
      "n_judged": 42,
      "n_judge_errors": 0,
      "p50_latency_ms": 1385,
      "p95_latency_ms": 1806,
      "avg_cost_usd": 0.0008170299999999997,
      "error_rate": 0.08,
      "fallback_rate": 0.0,
      "cache_hit_rate": null,
      "inter_judge_agreement": null,
      "ambiguity_handling_rate": 0.6666666666666666,
      "n_ambiguity_scored": 3
    },
    {
      "file": "eval_smoke_20260714_0844_summary.json",
      "mode": "smoke",
      "generated_at": "20260714_0844",
      "meta": {
        "data_version": "data_20260713",
        "index_version": "idx_20260713_geminiembedding001",
        "retrieval_config_id": "hybrid_dbsf_v2",
        "prompt_version": "p4_self_check_v1"
      },
      "n_questions": 50,
      "eval_k": 5,
      "retrieval": {
        "n_questions": 37,
        "recall_at_k": 0.9054054054054054,
        "hit_rate": 0.918918918918919,
        "mrr": 0.8243243243243243,
        "ndcg_at_k": 0.8274179856701128
      },
      "context_precision": 0.18918918918918928,
      "context_recall": 0.9054054054054054,
      "context_relevance": 0.9512195121951219,
      "faithfulness": 0.926829268292683,
      "answer_relevance": 0.975609756097561,
      "hallucination_rate": 0.0975609756097561,
      "citation_accuracy": 0.7962962962962963,
      "refusal_accuracy": 0.88,
      "n_judged": 41,
      "n_judge_errors": 0,
      "p50_latency_ms": 1395,
      "p95_latency_ms": 1948,
      "avg_cost_usd": 0.0007898000000000001,
      "error_rate": 0.1,
      "fallback_rate": 0.0,
      "cache_hit_rate": null,
      "inter_judge_agreement": null,
      "ambiguity_handling_rate": 0.6666666666666666,
      "n_ambiguity_scored": 3
    },
    {
      "file": "eval_smoke_20260714_0852_summary.json",
      "mode": "smoke",
      "generated_at": "20260714_0852",
      "meta": {
        "data_version": "data_20260713",
        "index_version": "idx_20260713_geminiembedding001",
        "retrieval_config_id": "hybrid_dbsf_v2",
        "prompt_version": "p5_concise_v1"
      },
      "n_questions": 50,
      "eval_k": 5,
      "retrieval": {
        "n_questions": 37,
        "recall_at_k": 0.9054054054054054,
        "hit_rate": 0.918918918918919,
        "mrr": 0.8243243243243243,
        "ndcg_at_k": 0.8274179856701128
      },
      "context_precision": 0.18918918918918928,
      "context_recall": 0.9054054054054054,
      "context_relevance": 0.975,
      "faithfulness": 0.9625,
      "answer_relevance": 0.95,
      "hallucination_rate": 0.075,
      "citation_accuracy": 0.8194444444444444,
      "refusal_accuracy": 0.9,
      "n_judged": 40,
      "n_judge_errors": 0,
      "p50_latency_ms": 1251,
      "p95_latency_ms": 2129,
      "avg_cost_usd": 0.0007044999999999998,
      "error_rate": 0.0,
      "fallback_rate": 0.0,
      "cache_hit_rate": null,
      "inter_judge_agreement": null,
      "ambiguity_handling_rate": 0.6666666666666666,
      "n_ambiguity_scored": 3
    },
    {
      "file": "eval_smoke_20260714_1403_summary.json",
      "mode": "smoke",
      "generated_at": "20260714_1403",